{"cameraMode":{"drawMode":0,"name":"Shaded","section":"Shading Mode"},"sceneLighting":false,"audioPlay":false,"sceneViewState":{"showFog":true,"showMaterialUpdate":false,"showSkybox":true,"showFlares":true,"showImageEffects":true,"showParticleSystems":true},"in2DMode":false,"pivot":{"x":0.03548431396484375,"y":41.31734848022461,"z":0.6500015258789063},"rotation":{"x":-0.11871527880430222,"y":-0.8647535443305969,"z":0.24241214990615846,"w":-0.4234907031059265},"size":656.2728271484375,"orthographic":false}